Update on Sat Aug  3 18:28:40 UTC 2024
Update on Sat Aug  3 18:32:50 UTC 2024
Update on Sat Aug  3 19:33:05 UTC 2024
Update on Sat Aug  3 19:37:34 UTC 2024
Update on Sat Aug  3 19:46:33 UTC 2024
Update on Sat Aug  3 19:50:31 UTC 2024
Update on Sun Sep  1 00:02:46 UTC 2024
Update on Tue Oct  1 00:02:37 UTC 2024
Update on Tue Oct  8 15:21:06 UTC 2024
Update on Wed Oct 23 18:49:04 UTC 2024
Update on Fri Nov  1 00:06:33 UTC 2024
Update on Sun Dec  1 00:05:13 UTC 2024
Update on Wed Jan  1 00:06:35 UTC 2025
Update on Sun Jan 12 06:01:39 UTC 2025
Update on Sun Jan 12 06:11:37 UTC 2025
Update on Sun Jan 12 16:19:06 UTC 2025
Update on Sun Jan 12 17:10:16 UTC 2025
Update on Sun Jan 12 22:08:22 UTC 2025
Update on Sun Jan 12 22:55:02 UTC 2025
Update on Sat Feb  1 00:13:06 UTC 2025
Update on Sat Mar  1 00:16:29 UTC 2025
Update on Tue Apr  1 00:13:05 UTC 2025
Update on Thu May  1 00:11:18 UTC 2025
Update on Sun Jun  1 00:12:55 UTC 2025
Update on Tue Jul  1 00:10:12 UTC 2025
